attempt,studentId,date,callby,remarks
1,2,Marrow,pmarrow0@cmu.edu,true
2,2,Ciccerale,aciccerale1@topsy.com,false
3,4,Pople,spople2@usnews.com,true
4,2,Chatband,bchatband3@ucla.edu,true
5,2,Acton,macton4@tinyurl.com,true
6,5,Capehorn,acapehorn5@nydailynews.com,false
7,5,Manz,mmanz6@cnn.com,false
8,2,Bisson,wbisson7@engadget.com,true
9,2,O'Bradain,eobradain8@bluehost.com,false
10,2,Marran,smarran9@usnews.com,true
11,5,Claque,lclaquea@desdev.cn,false
12,1,Patton,rpattonb@constantcontact.com,false
13,2,Ryman,arymanc@wufoo.com,false
14,3,Golling,hgollingd@eepurl.com,false
15,2,McConnulty,jmcconnultye@vk.com,true
16,4,Kropach,dkropachf@diigo.com,true
17,4,Klejin,cklejing@topsy.com,false
18,3,Foxworthy,rfoxworthyh@homestead.com,false
19,2,Pentland,mpentlandi@unesco.org,false
20,2,Sherr,psherrj@kickstarter.com,false
21,1,Merrell,hmerrellk@e-recht24.de,true
22,4,Abbey,jabbeyl@squarespace.com,true
23,5,Antoniewicz,mantoniewiczm@furl.net,true
24,4,Halfacre,ohalfacren@webs.com,true
25,3,Trousdell,ltrousdello@jimdo.com,true
26,2,Ravenscraft,hravenscraftp@gizmodo.com,false
27,2,Jiricka,djirickaq@ycombinator.com,true
28,5,Gellett,fgellettr@squarespace.com,false
29,5,Zambon,czambons@discovery.com,false
30,4,MacTerlagh,rmacterlaght@shareasale.com,false
31,4,McInerney,gmcinerneyu@altervista.org,false
32,1,Casper,acasperv@cmu.edu,true
33,1,Eschelle,deschellew@bbb.org,true
34,1,Ronchetti,bronchettix@google.it,false
35,1,Roffey,aroffeyy@nhs.uk,false
36,5,Steddall,nsteddallz@imageshack.us,false
37,3,Pusill,epusill10@amazon.co.uk,true
38,2,Lulham,glulham11@walmart.com,false
39,3,Agott,magott12@list-manage.com,false
40,2,McTrustey,jmctrustey13@diigo.com,true
41,2,Noot,anoot14@google.ca,false
42,2,Humbles,thumbles15@wordpress.org,false
43,5,Morphet,cmorphet16@addtoany.com,false
44,4,Twamley,rtwamley17@goo.gl,false
45,1,Axleby,jaxleby18@msn.com,true
46,2,Blandamere,tblandamere19@yahoo.co.jp,false
47,2,Niccols,hniccols1a@npr.org,true
48,2,Glasebrook,bglasebrook1b@ibm.com,false
49,2,Debold,ldebold1c@whitehouse.gov,false
50,5,Leveret,aleveret1d@smugmug.com,true
51,3,Macguire,lmacguire1e@unblog.fr,true
52,2,Grasser,egrasser1f@sohu.com,false
53,2,Angear,wangear1g@amazon.co.uk,false
54,4,Worsam,kworsam1h@weather.com,true
55,2,Parks,gparks1i@addtoany.com,true
56,4,Kempston,ekempston1j@diigo.com,false
57,1,Oglethorpe,noglethorpe1k@dropbox.com,true
58,1,Pallis,cpallis1l@ebay.com,false
59,3,Banister,dbanister1m@miibeian.gov.cn,false
60,2,McCambrois,bmccambrois1n@biglobe.ne.jp,false
61,4,Heinsh,bheinsh1o@shop-pro.jp,true
62,2,Spinnace,espinnace1p@bizjournals.com,true
63,1,Redley,eredley1q@ucoz.ru,false
64,2,Blanko,mblanko1r@washingtonpost.com,false
65,1,Bartens,hbartens1s@noaa.gov,false
66,2,Carrier,lcarrier1t@techcrunch.com,false
67,5,Fairbeard,hfairbeard1u@amazon.co.uk,true
68,2,Bahike,tbahike1v@nyu.edu,true
69,4,Forshaw,jforshaw1w@latimes.com,false
70,5,Hindshaw,chindshaw1x@fema.gov,true
71,5,Creese,tcreese1y@weather.com,false
72,4,Horley,nhorley1z@hugedomains.com,false
73,4,Brettle,sbrettle20@cpanel.net,true
74,4,Hanretty,hhanretty21@arstechnica.com,true
75,4,Shurmore,fshurmore22@spotify.com,true
76,1,Pegden,vpegden23@cdc.gov,true
77,1,Sidden,asidden24@sfgate.com,false
78,4,Lloyd,alloyd25@mozilla.com,false
79,2,Baroch,abaroch26@intel.com,true
80,2,Boffey,pboffey27@harvard.edu,true
81,1,Costain,ecostain28@fda.gov,true
82,2,Joutapavicius,mjoutapavicius29@utexas.edu,false
83,1,Coonan,ccoonan2a@weibo.com,false
84,3,Akast,bakast2b@nih.gov,true
85,3,Ivashinnikov,aivashinnikov2c@unesco.org,false
86,3,Barszczewski,qbarszczewski2d@bravesites.com,true
87,3,Guilloneau,aguilloneau2e@harvard.edu,false
88,2,Scamadine,dscamadine2f@columbia.edu,false
89,4,Dymoke,ldymoke2g@ebay.com,true
90,5,Godley,tgodley2h@acquirethisname.com,true
91,1,Eakley,ceakley2i@tinyurl.com,true
92,5,Josham,rjosham2j@comsenz.com,false
93,1,O'Kennavain,dokennavain2k@yale.edu,true
94,1,Bamblett,tbamblett2l@blogtalkradio.com,false
95,4,Crat,acrat2m@google.pl,true
96,2,Szwarc,cszwarc2n@tinyurl.com,true
97,2,Darrell,mdarrell2o@theglobeandmail.com,true
98,3,Barsam,bbarsam2p@blogspot.com,true
99,5,Alwood,salwood2q@dot.gov,false
100,2,Cusack,ccusack2r@cocolog-nifty.com,true
10,2,"08-06-2023 23:27:49",fsdf,fsdf
10,13,"08-06-2023 23:31:00",hghj,hghj
10,10,"08-06-2023 23:40:28",jkfh,jkfh
10,10,"08-06-2023 23:40:43","Not Accpeting the call","Not Accpeting the call"
10,6,"08-06-2023 23:44:24",Hell,Hell
10,7,"09-06-2023 06:56:15",,
1,13,"09-06-2023 07:10:22",saf,saf
2,13,"09-06-2023 07:10:36",sasfd,sasfd
3,13,"09-06-2023 07:10:38",sasfd,sasfd
4,13,"09-06-2023 07:10:40",sasfd,sasfd
2,10,"09-06-2023 07:14:04",dgdg,dgdg
3,10,"09-06-2023 07:14:08",dgdg,dgdg
4,10,"09-06-2023 07:14:11",dgdg,dgdg
0,15,"09-06-2023 07:14:25",dgdg,dgdg
1,15,"09-06-2023 07:14:27",dgdg,dgdg
2,6,"09-06-2023 07:15:14",,
3,6,"09-06-2023 07:15:17",,
4,6,"09-06-2023 07:15:20",,
5,6,"09-06-2023 07:15:23",,
1,0,"09-06-2023 07:36:53",gdsd,gdsd
1,11,"09-06-2023 15:25:22","This is sample demo","This is sample demo"
2,11,"09-06-2023 15:25:33","This is sample demo 2","This is sample demo 2"
3,11,"09-06-2023 15:25:46","This is sample demo 3","This is sample demo 3"
4,11,"09-06-2023 15:26:09","This is sample demo 3","This is sample demo 3"
5,11,"09-06-2023 15:26:10","This is sample demo 3","This is sample demo 3"
